<?xml version="1.0" encoding="UTF-8" ?>
<!DOCTYPE log4j:configuration SYSTEM "log4j.dtd">

<log4j:configuration debug="true"
	xmlns:log4j="http://jakarta.apache.org/log4j/">
	<appender name="TIME_MONITOR" class="org.apache.log4j.RollingFileAppender">
		<param name="file" value="../logs/timemonitor.log" />
		<param name="MaxFileSize" value="200KB" />
		<layout class="org.apache.log4j.PatternLayout">
			<param name="ConversionPattern" value="%5p [%d] - %m%n" />
		</layout>
	</appender>

	<appender name="ASYNC_TIMEMONITOR" class="org.apache.log4j.AsyncAppender">
		<appender-ref ref="TIME_MONITOR" />
	</appender>

	<logger name="org.apache">
		<level value="ERROR" />
	</logger>

	<root>
		<level value="INFO" />
		<appender-ref ref="ASYNC_TIMEMONITOR" />
	</root>
</log4j:configuration> 